{
  "episode_rewards": [
    11.699999809265137,
    -2.8999996185302734,
    9.899999618530273,
    11.600000381469727,
    11.699999809265137,
    15.600000381469727,
    11.699999809265137,
    15.899999618530273,
    -32.0,
    16.100000381469727,
    -7.100000381469727,
    6.599999904632568,
    -15.100000381469727,
    16.799999237060547,
    11.699999809265137,
    -0.9000005722045898,
    4.899999618530273,
    9.600000381469727,
    11.699999809265137,
    15.600000381469727,
    11.699999809265137,
    16.100000381469727,
    11.899999618530273,
    6.59999942779541,
    11.699999809265137,
    12.59999942779541,
    11.699999809265137,
    15.899999618530273,
    9.899999618530273,
    16.100000381469727,
    8.899999618530273,
    16.099998474121094,
    1.8999996185302734,
    13.799999237060547,
    11.699999809265137,
    15.600000381469727,
    10.899999618530273,
    8.09999942779541,
    11.699999809265137,
    15.600000381469727,
    11.699999809265137,
    15.600000381469727,
    10.899999618530273,
    16.600000381469727,
    11.699999809265137,
    15.600000381469727,
    11.699999809265137,
    15.899999618530273,
    10.899999618530273,
    15.600000381469727
  ],
  "episode_swaps": [
    0.0,
    2.0,
    1.0,
    1.0,
    0.0,
    1.0,
    0.0,
    0.0,
    0.0,
    1.0,
    1.0,
    1.0,
    1.0,
    1.0,
    0.0,
    1.0,
    1.0,
    1.0,
    0.0,
    1.0,
    0.0,
    1.0,
    1.0,
    2.0,
    0.0,
    2.0,
    0.0,
    0.0,
    1.0,
    1.0,
    1.0,
    2.0,
    1.0,
    1.0,
    0.0,
    1.0,
    1.0,
    2.0,
    0.0,
    1.0,
    0.0,
    2.0,
    1.0,
    1.0,
    0.0,
    1.0,
    0.0,
    0.0,
    1.0,
    1.0
  ],
  "episode_lengths": [
    1.0,
    23.0,
    3.0,
    9.0,
    1.0,
    3.0,
    1.0,
    3.0,
    32.0,
    3.0,
    20.0,
    14.0,
    28.0,
    4.0,
    1.0,
    20.0,
    8.0,
    11.0,
    1.0,
    3.0,
    1.0,
    3.0,
    1.0,
    14.0,
    1.0,
    7.0,
    1.0,
    3.0,
    3.0,
    3.0,
    4.0,
    3.0,
    11.0,
    7.0,
    1.0,
    3.0,
    2.0,
    11.0,
    1.0,
    3.0,
    1.0,
    3.0,
    2.0,
    4.0,
    1.0,
    3.0,
    1.0,
    3.0,
    2.0,
    5.0
  ],
  "policy_losses": [
    -5.88298761844635,
    0.005584385944530368,
    -0.06943606398999691,
    0.04306798055768013,
    -4.298171877861023,
    -0.03365316439885646,
    -4.68861722946167,
    0.0032768596429377794,
    -0.00022244732826948166,
    0.015817364037502557,
    -0.003798736201133579,
    -0.0031162876402959228,
    -0.009966550162062049,
    -0.0438046008348465,
    -2.992447793483734,
    0.0004873462312389165,
    -0.034743160009384155,
    -0.015794975217431784,
    -2.128005087375641,
    0.005659282032866031,
    -1.8367402255535126,
    0.018643498420715332,
    -2.2250972986221313,
    -0.015809737145900726,
    -0.5831431001424789,
    0.060585579834878445,
    -0.3169044181704521,
    0.0916497465223074,
    0.017002319218590856,
    0.005684768169885501,
    0.010723207145929337,
    0.006303459619289242,
    0.04037983529269695,
    0.03405178291723132,
    0.34273454546928406,
    0.02728771697729826,
    0.05232769995927811,
    0.04283846076577902,
    0.4750518798828125,
    0.03695049975067377,
    0.319467157125473,
    0.042819698341190815,
    0.041886892169713974,
    0.06283916532993317,
    0.3837165832519531,
    0.05747547745704651,
    0.41921311616897583,
    0.18048665672540665,
    0.06608365848660469,
    0.059375387616455555
  ],
  "value_losses": [
    115.38616561889648,
    42.722394943237305,
    57.90052795410156,
    53.89393329620361,
    49.78132438659668,
    60.008023262023926,
    29.892257690429688,
    42.72083282470703,
    196.9754409790039,
    35.31590175628662,
    46.4115686416626,
    14.503368854522705,
    80.61443328857422,
    37.20649433135986,
    11.348758697509766,
    41.64126491546631,
    6.3608763217926025,
    12.493494510650635,
    9.816538572311401,
    22.015823364257812,
    5.768989682197571,
    18.38847541809082,
    4.3185495138168335,
    12.586758375167847,
    1.2946589887142181,
    5.829130291938782,
    0.301908727735281,
    6.790597319602966,
    1.482572317123413,
    6.064658999443054,
    3.3314282298088074,
    5.9673051834106445,
    26.55824375152588,
    2.935109257698059,
    0.1669958382844925,
    3.7028664350509644,
    0.4169939011335373,
    20.11560583114624,
    0.30716749280691147,
    3.5115346908569336,
    0.12713768519461155,
    4.545273780822754,
    0.34047894924879074,
    7.185850501060486,
    0.25305452570319176,
    2.9983770847320557,
    0.30226123332977295,
    3.866908609867096,
    0.38901446014642715,
    4.2222336530685425
  ],
  "eval_swaps": [
    17.6
  ],
  "eval_completion": [
    1.0
  ],
  "curriculum_stages": [
    0.0,
    0.0,
    0.0,
    0.0,
    0.0,
    0.0,
    0.0,
    0.0,
    0.0,
    0.0,
    0.0,
    0.0,
    0.0,
    0.0,
    0.0,
    0.0,
    0.0,
    0.0,
    0.0,
    0.0,
    0.0,
    0.0,
    0.0,
    0.0,
    0.0,
    0.0,
    0.0,
    0.0,
    0.0,
    0.0,
    0.0,
    0.0,
    0.0,
    0.0,
    0.0,
    0.0,
    0.0,
    0.0,
    0.0,
    0.0,
    0.0,
    0.0,
    0.0,
    0.0,
    0.0,
    0.0,
    0.0,
    0.0,
    0.0,
    0.0
  ]
}