{
  "episode_rewards": [
    27.399999999999984,
    24.999999999999968,
    27.099999999999973,
    31.899999999999988,
    28.299999999999983,
    30.09999999999998,
    16.599999999999973,
    27.999999999999975,
    24.400000000000002,
    26.49999999999998,
    20.199999999999957,
    24.099999999999977,
    31.29999999999999,
    27.099999999999973,
    17.19999999999998,
    34.3,
    25.899999999999984,
    24.099999999999966,
    19.599999999999987,
    32.79999999999998,
    6.200000000000007,
    19.800000000000004,
    26.799999999999976,
    26.49999999999997,
    29.79999999999999,
    28.899999999999984,
    29.199999999999978,
    28.59999999999998,
    30.999999999999982,
    37.0,
    32.499999999999986,
    11.799999999999988,
    33.09999999999999,
    29.799999999999983,
    22.899999999999963,
    21.69999999999999,
    22.899999999999988,
    26.79999999999998,
    24.09999999999997,
    34.89999999999999,
    29.49999999999998,
    20.19999999999996,
    18.8,
    20.7,
    30.39999999999998,
    31.599999999999987,
    33.39999999999999,
    7.299999999999989,
    16.599999999999955,
    30.099999999999987
  ],
  "episode_swaps": [
    42.0,
    50.0,
    43.0,
    27.0,
    39.0,
    33.0,
    78.0,
    40.0,
    52.0,
    45.0,
    66.0,
    53.0,
    29.0,
    43.0,
    76.0,
    19.0,
    47.0,
    53.0,
    68.0,
    24.0,
    66.0,
    34.0,
    44.0,
    45.0,
    34.0,
    37.0,
    36.0,
    38.0,
    30.0,
    10.0,
    25.0,
    94.0,
    23.0,
    34.0,
    57.0,
    61.0,
    57.0,
    44.0,
    53.0,
    17.0,
    35.0,
    66.0,
    24.0,
    31.0,
    32.0,
    28.0,
    22.0,
    109.0,
    78.0,
    33.0
  ],
  "episode_lengths": [
    42.0,
    50.0,
    43.0,
    27.0,
    39.0,
    33.0,
    78.0,
    40.0,
    52.0,
    45.0,
    66.0,
    53.0,
    29.0,
    43.0,
    76.0,
    19.0,
    47.0,
    53.0,
    68.0,
    24.0,
    66.0,
    34.0,
    44.0,
    45.0,
    34.0,
    37.0,
    36.0,
    38.0,
    30.0,
    10.0,
    25.0,
    94.0,
    23.0,
    34.0,
    57.0,
    61.0,
    57.0,
    44.0,
    53.0,
    17.0,
    35.0,
    66.0,
    24.0,
    31.0,
    32.0,
    28.0,
    22.0,
    109.0,
    78.0,
    33.0
  ],
  "policy_losses": [
    -0.0025186243694328425,
    -0.0009456813288852839,
    -0.0012172618444310501,
    -0.0008003126888596057,
    -0.0006730907976475464,
    -0.0008805461737644293,
    -0.0010325442438050558,
    -0.0014733163319760045,
    -0.0011178217940219781,
    -0.0022255645735032026,
    -0.004361556569523639,
    0.0032073949982027727,
    -0.003305943607514905,
    -0.004871319761489801,
    -0.009440017098217623,
    0.0029167564261065593,
    0.004173947134094913,
    0.00022449527283985304,
    -0.009978525340557098,
    0.011731819249689579,
    -0.003486525803578999,
    -0.005656203316688924,
    -0.0006953464372516649,
    0.0013623211188433793,
    0.0005610068262340562,
    -0.0056746020327902436,
    -0.013576408020323782,
    -0.009909287432061653,
    -0.006743468437343747,
    -0.025375093892217038,
    -0.021361055746674573,
    -0.004368926563170561,
    0.004377779692573469,
    -0.0026494733533848347,
    0.0017111400538531996,
    -0.00046931403207439715,
    -0.001928249474874244,
    -0.007516942209225164,
    -0.011382783811433983,
    0.0009333561324370576,
    0.005536158392871471,
    -0.004290478524511698,
    -0.008458618889562786,
    -0.010805463741323074,
    -0.018094561994075775,
    -0.005874441645573825,
    -0.005024393755857837,
    -0.0004574353054378477,
    0.0003800930881436848,
    -0.003758721351694305
  ],
  "value_losses": [
    83.5556697845459,
    26.995450496673584,
    40.70625972747803,
    136.9162483215332,
    68.19890594482422,
    55.688833236694336,
    15.54317569732666,
    46.4894380569458,
    52.887271881103516,
    42.04432487487793,
    21.102776527404785,
    18.795225143432617,
    111.29861450195312,
    21.233043670654297,
    9.282847881317139,
    148.95586395263672,
    12.00816822052002,
    16.332499980926514,
    9.775461435317993,
    24.776014804840088,
    9.170267581939697,
    2.9322129487991333,
    8.766335725784302,
    10.480649948120117,
    20.314663887023926,
    11.096839666366577,
    7.123771905899048,
    28.231743812561035,
    12.376800775527954,
    67.58976936340332,
    16.537774562835693,
    24.14467763900757,
    47.578378677368164,
    9.241052627563477,
    17.551002502441406,
    8.494787812232971,
    7.360217928886414,
    19.260231018066406,
    7.437101244926453,
    47.38059329986572,
    6.53951632976532,
    19.97371482849121,
    9.888620615005493,
    8.29804015159607,
    24.844302654266357,
    18.779269695281982,
    26.11816692352295,
    21.857508182525635,
    41.50452518463135,
    13.311794519424438
  ]
}